--
-- PostgreSQL database dump
--

-- Dumped from database version 17.5
-- Dumped by pg_dump version 17.5

SET statement_timeout = 0;
SET lock_timeout = 0;
SET idle_in_transaction_session_timeout = 0;
SET client_encoding = 'UTF8';
SET standard_conforming_strings = on;
SELECT pg_catalog.set_config('search_path', '', false);
SET check_function_bodies = false;
SET xmloption = content;
SET client_min_messages = warning;
SET row_security = off;

SET default_tablespace = '';

SET default_table_access_method = heap;

--
-- Name: auth_group; Type: TABLE; Schema: public; Owner: postgres
--

CREATE TABLE public.auth_group (
    id integer NOT NULL,
    name character varying(150) NOT NULL
);


ALTER TABLE public.auth_group OWNER TO postgres;

--
-- Name: auth_group_id_seq; Type: SEQUENCE; Schema: public; Owner: postgres
--

ALTER TABLE public.auth_group ALTER COLUMN id ADD GENERATED BY DEFAULT AS IDENTITY (
    SEQUENCE NAME public.auth_group_id_seq
    START WITH 1
    INCREMENT BY 1
    NO MINVALUE
    NO MAXVALUE
    CACHE 1
);


--
-- Name: auth_group_permissions; Type: TABLE; Schema: public; Owner: postgres
--

CREATE TABLE public.auth_group_permissions (
    id bigint NOT NULL,
    group_id integer NOT NULL,
    permission_id integer NOT NULL
);


ALTER TABLE public.auth_group_permissions OWNER TO postgres;

--
-- Name: auth_group_permissions_id_seq; Type: SEQUENCE; Schema: public; Owner: postgres
--

ALTER TABLE public.auth_group_permissions ALTER COLUMN id ADD GENERATED BY DEFAULT AS IDENTITY (
    SEQUENCE NAME public.auth_group_permissions_id_seq
    START WITH 1
    INCREMENT BY 1
    NO MINVALUE
    NO MAXVALUE
    CACHE 1
);


--
-- Name: auth_permission; Type: TABLE; Schema: public; Owner: postgres
--

CREATE TABLE public.auth_permission (
    id integer NOT NULL,
    name character varying(255) NOT NULL,
    content_type_id integer NOT NULL,
    codename character varying(100) NOT NULL
);


ALTER TABLE public.auth_permission OWNER TO postgres;

--
-- Name: auth_permission_id_seq; Type: SEQUENCE; Schema: public; Owner: postgres
--

ALTER TABLE public.auth_permission ALTER COLUMN id ADD GENERATED BY DEFAULT AS IDENTITY (
    SEQUENCE NAME public.auth_permission_id_seq
    START WITH 1
    INCREMENT BY 1
    NO MINVALUE
    NO MAXVALUE
    CACHE 1
);


--
-- Name: auth_user; Type: TABLE; Schema: public; Owner: postgres
--

CREATE TABLE public.auth_user (
    id integer NOT NULL,
    password character varying(128) NOT NULL,
    last_login timestamp with time zone,
    is_superuser boolean NOT NULL,
    username character varying(150) NOT NULL,
    first_name character varying(150) NOT NULL,
    last_name character varying(150) NOT NULL,
    email character varying(254) NOT NULL,
    is_staff boolean NOT NULL,
    is_active boolean NOT NULL,
    date_joined timestamp with time zone NOT NULL
);


ALTER TABLE public.auth_user OWNER TO postgres;

--
-- Name: auth_user_groups; Type: TABLE; Schema: public; Owner: postgres
--

CREATE TABLE public.auth_user_groups (
    id bigint NOT NULL,
    user_id integer NOT NULL,
    group_id integer NOT NULL
);


ALTER TABLE public.auth_user_groups OWNER TO postgres;

--
-- Name: auth_user_groups_id_seq; Type: SEQUENCE; Schema: public; Owner: postgres
--

ALTER TABLE public.auth_user_groups ALTER COLUMN id ADD GENERATED BY DEFAULT AS IDENTITY (
    SEQUENCE NAME public.auth_user_groups_id_seq
    START WITH 1
    INCREMENT BY 1
    NO MINVALUE
    NO MAXVALUE
    CACHE 1
);


--
-- Name: auth_user_id_seq; Type: SEQUENCE; Schema: public; Owner: postgres
--

ALTER TABLE public.auth_user ALTER COLUMN id ADD GENERATED BY DEFAULT AS IDENTITY (
    SEQUENCE NAME public.auth_user_id_seq
    START WITH 1
    INCREMENT BY 1
    NO MINVALUE
    NO MAXVALUE
    CACHE 1
);


--
-- Name: auth_user_user_permissions; Type: TABLE; Schema: public; Owner: postgres
--

CREATE TABLE public.auth_user_user_permissions (
    id bigint NOT NULL,
    user_id integer NOT NULL,
    permission_id integer NOT NULL
);


ALTER TABLE public.auth_user_user_permissions OWNER TO postgres;

--
-- Name: auth_user_user_permissions_id_seq; Type: SEQUENCE; Schema: public; Owner: postgres
--

ALTER TABLE public.auth_user_user_permissions ALTER COLUMN id ADD GENERATED BY DEFAULT AS IDENTITY (
    SEQUENCE NAME public.auth_user_user_permissions_id_seq
    START WITH 1
    INCREMENT BY 1
    NO MINVALUE
    NO MAXVALUE
    CACHE 1
);


--
-- Name: django_admin_log; Type: TABLE; Schema: public; Owner: postgres
--

CREATE TABLE public.django_admin_log (
    id integer NOT NULL,
    action_time timestamp with time zone NOT NULL,
    object_id text,
    object_repr character varying(200) NOT NULL,
    action_flag smallint NOT NULL,
    change_message text NOT NULL,
    content_type_id integer,
    user_id integer NOT NULL,
    CONSTRAINT django_admin_log_action_flag_check CHECK ((action_flag >= 0))
);


ALTER TABLE public.django_admin_log OWNER TO postgres;

--
-- Name: django_admin_log_id_seq; Type: SEQUENCE; Schema: public; Owner: postgres
--

ALTER TABLE public.django_admin_log ALTER COLUMN id ADD GENERATED BY DEFAULT AS IDENTITY (
    SEQUENCE NAME public.django_admin_log_id_seq
    START WITH 1
    INCREMENT BY 1
    NO MINVALUE
    NO MAXVALUE
    CACHE 1
);


--
-- Name: django_content_type; Type: TABLE; Schema: public; Owner: postgres
--

CREATE TABLE public.django_content_type (
    id integer NOT NULL,
    app_label character varying(100) NOT NULL,
    model character varying(100) NOT NULL
);


ALTER TABLE public.django_content_type OWNER TO postgres;

--
-- Name: django_content_type_id_seq; Type: SEQUENCE; Schema: public; Owner: postgres
--

ALTER TABLE public.django_content_type ALTER COLUMN id ADD GENERATED BY DEFAULT AS IDENTITY (
    SEQUENCE NAME public.django_content_type_id_seq
    START WITH 1
    INCREMENT BY 1
    NO MINVALUE
    NO MAXVALUE
    CACHE 1
);


--
-- Name: django_migrations; Type: TABLE; Schema: public; Owner: postgres
--

CREATE TABLE public.django_migrations (
    id bigint NOT NULL,
    app character varying(255) NOT NULL,
    name character varying(255) NOT NULL,
    applied timestamp with time zone NOT NULL
);


ALTER TABLE public.django_migrations OWNER TO postgres;

--
-- Name: django_migrations_id_seq; Type: SEQUENCE; Schema: public; Owner: postgres
--

ALTER TABLE public.django_migrations ALTER COLUMN id ADD GENERATED BY DEFAULT AS IDENTITY (
    SEQUENCE NAME public.django_migrations_id_seq
    START WITH 1
    INCREMENT BY 1
    NO MINVALUE
    NO MAXVALUE
    CACHE 1
);


--
-- Name: django_session; Type: TABLE; Schema: public; Owner: postgres
--

CREATE TABLE public.django_session (
    session_key character varying(40) NOT NULL,
    session_data text NOT NULL,
    expire_date timestamp with time zone NOT NULL
);


ALTER TABLE public.django_session OWNER TO postgres;

--
-- Name: library_app_book; Type: TABLE; Schema: public; Owner: postgres
--

CREATE TABLE public.library_app_book (
    id bigint NOT NULL,
    title character varying(150) NOT NULL,
    author character varying(100) NOT NULL,
    isbn character varying(20) NOT NULL,
    published_year integer,
    stock integer NOT NULL,
    created_at timestamp with time zone NOT NULL,
    updated_at timestamp with time zone NOT NULL,
    library_id bigint NOT NULL,
    CONSTRAINT library_app_book_published_year_check CHECK ((published_year >= 0)),
    CONSTRAINT library_app_book_stock_check CHECK ((stock >= 0))
);


ALTER TABLE public.library_app_book OWNER TO postgres;

--
-- Name: library_app_book_id_seq; Type: SEQUENCE; Schema: public; Owner: postgres
--

ALTER TABLE public.library_app_book ALTER COLUMN id ADD GENERATED BY DEFAULT AS IDENTITY (
    SEQUENCE NAME public.library_app_book_id_seq
    START WITH 1
    INCREMENT BY 1
    NO MINVALUE
    NO MAXVALUE
    CACHE 1
);


--
-- Name: library_app_library; Type: TABLE; Schema: public; Owner: postgres
--

CREATE TABLE public.library_app_library (
    id bigint NOT NULL,
    name character varying(100) NOT NULL,
    address character varying(200) NOT NULL,
    phone character varying(20),
    email character varying(100),
    created_at timestamp with time zone NOT NULL,
    updated_at timestamp with time zone NOT NULL
);


ALTER TABLE public.library_app_library OWNER TO postgres;

--
-- Name: library_app_library_id_seq; Type: SEQUENCE; Schema: public; Owner: postgres
--

ALTER TABLE public.library_app_library ALTER COLUMN id ADD GENERATED BY DEFAULT AS IDENTITY (
    SEQUENCE NAME public.library_app_library_id_seq
    START WITH 1
    INCREMENT BY 1
    NO MINVALUE
    NO MAXVALUE
    CACHE 1
);


--
-- Name: library_app_loan; Type: TABLE; Schema: public; Owner: postgres
--

CREATE TABLE public.library_app_loan (
    id bigint NOT NULL,
    loan_date timestamp with time zone NOT NULL,
    return_date timestamp with time zone,
    returned boolean NOT NULL,
    created_at timestamp with time zone NOT NULL,
    updated_at timestamp with time zone NOT NULL,
    book_id bigint NOT NULL,
    member_id bigint NOT NULL
);


ALTER TABLE public.library_app_loan OWNER TO postgres;

--
-- Name: library_app_loan_id_seq; Type: SEQUENCE; Schema: public; Owner: postgres
--

ALTER TABLE public.library_app_loan ALTER COLUMN id ADD GENERATED BY DEFAULT AS IDENTITY (
    SEQUENCE NAME public.library_app_loan_id_seq
    START WITH 1
    INCREMENT BY 1
    NO MINVALUE
    NO MAXVALUE
    CACHE 1
);


--
-- Name: library_app_member; Type: TABLE; Schema: public; Owner: postgres
--

CREATE TABLE public.library_app_member (
    id bigint NOT NULL,
    name character varying(100) NOT NULL,
    last_name character varying(100) NOT NULL,
    email character varying(254) NOT NULL,
    phone character varying(20),
    address character varying(200),
    membership_date date NOT NULL,
    is_active boolean NOT NULL,
    max_loans integer NOT NULL,
    created_at timestamp with time zone NOT NULL,
    updated_at timestamp with time zone NOT NULL,
    library_id bigint NOT NULL,
    CONSTRAINT library_app_member_max_loans_check CHECK ((max_loans >= 0))
);


ALTER TABLE public.library_app_member OWNER TO postgres;

--
-- Name: library_app_member_id_seq; Type: SEQUENCE; Schema: public; Owner: postgres
--

ALTER TABLE public.library_app_member ALTER COLUMN id ADD GENERATED BY DEFAULT AS IDENTITY (
    SEQUENCE NAME public.library_app_member_id_seq
    START WITH 1
    INCREMENT BY 1
    NO MINVALUE
    NO MAXVALUE
    CACHE 1
);


--
-- Data for Name: auth_group; Type: TABLE DATA; Schema: public; Owner: postgres
--

COPY public.auth_group (id, name) FROM stdin;
\.


--
-- Data for Name: auth_group_permissions; Type: TABLE DATA; Schema: public; Owner: postgres
--

COPY public.auth_group_permissions (id, group_id, permission_id) FROM stdin;
\.


--
-- Data for Name: auth_permission; Type: TABLE DATA; Schema: public; Owner: postgres
--

COPY public.auth_permission (id, name, content_type_id, codename) FROM stdin;
1	Can add log entry	1	add_logentry
2	Can change log entry	1	change_logentry
3	Can delete log entry	1	delete_logentry
4	Can view log entry	1	view_logentry
5	Can add permission	2	add_permission
6	Can change permission	2	change_permission
7	Can delete permission	2	delete_permission
8	Can view permission	2	view_permission
9	Can add group	3	add_group
10	Can change group	3	change_group
11	Can delete group	3	delete_group
12	Can view group	3	view_group
13	Can add user	4	add_user
14	Can change user	4	change_user
15	Can delete user	4	delete_user
16	Can view user	4	view_user
17	Can add content type	5	add_contenttype
18	Can change content type	5	change_contenttype
19	Can delete content type	5	delete_contenttype
20	Can view content type	5	view_contenttype
21	Can add session	6	add_session
22	Can change session	6	change_session
23	Can delete session	6	delete_session
24	Can view session	6	view_session
25	Can add library	7	add_library
26	Can change library	7	change_library
27	Can delete library	7	delete_library
28	Can view library	7	view_library
29	Can add book	8	add_book
30	Can change book	8	change_book
31	Can delete book	8	delete_book
32	Can view book	8	view_book
33	Can add member	9	add_member
34	Can change member	9	change_member
35	Can delete member	9	delete_member
36	Can view member	9	view_member
37	Can add loan	10	add_loan
38	Can change loan	10	change_loan
39	Can delete loan	10	delete_loan
40	Can view loan	10	view_loan
\.


--
-- Data for Name: auth_user; Type: TABLE DATA; Schema: public; Owner: postgres
--

COPY public.auth_user (id, password, last_login, is_superuser, username, first_name, last_name, email, is_staff, is_active, date_joined) FROM stdin;
1	pbkdf2_sha256$1000000$RYC28x1ACtCTOc8azKV30h$RrxqMKbgCLBG4v7P+KPmR3CDQfWpJliuL3lP1aIOLmU=	\N	t	admin			jesusrincon0927@gmail.com	t	t	2025-10-30 17:57:28.019933-05
\.


--
-- Data for Name: auth_user_groups; Type: TABLE DATA; Schema: public; Owner: postgres
--

COPY public.auth_user_groups (id, user_id, group_id) FROM stdin;
\.


--
-- Data for Name: auth_user_user_permissions; Type: TABLE DATA; Schema: public; Owner: postgres
--

COPY public.auth_user_user_permissions (id, user_id, permission_id) FROM stdin;
\.


--
-- Data for Name: django_admin_log; Type: TABLE DATA; Schema: public; Owner: postgres
--

COPY public.django_admin_log (id, action_time, object_id, object_repr, action_flag, change_message, content_type_id, user_id) FROM stdin;
\.


--
-- Data for Name: django_content_type; Type: TABLE DATA; Schema: public; Owner: postgres
--

COPY public.django_content_type (id, app_label, model) FROM stdin;
1	admin	logentry
2	auth	permission
3	auth	group
4	auth	user
5	contenttypes	contenttype
6	sessions	session
7	library_app	library
8	library_app	book
9	library_app	member
10	library_app	loan
\.


--
-- Data for Name: django_migrations; Type: TABLE DATA; Schema: public; Owner: postgres
--

COPY public.django_migrations (id, app, name, applied) FROM stdin;
1	contenttypes	0001_initial	2025-10-30 17:56:48.671008-05
2	auth	0001_initial	2025-10-30 17:56:48.707818-05
3	admin	0001_initial	2025-10-30 17:56:48.717247-05
4	admin	0002_logentry_remove_auto_add	2025-10-30 17:56:48.720833-05
5	admin	0003_logentry_add_action_flag_choices	2025-10-30 17:56:48.72494-05
6	contenttypes	0002_remove_content_type_name	2025-10-30 17:56:48.734068-05
7	auth	0002_alter_permission_name_max_length	2025-10-30 17:56:48.738528-05
8	auth	0003_alter_user_email_max_length	2025-10-30 17:56:48.742156-05
9	auth	0004_alter_user_username_opts	2025-10-30 17:56:48.745556-05
10	auth	0005_alter_user_last_login_null	2025-10-30 17:56:48.750115-05
11	auth	0006_require_contenttypes_0002	2025-10-30 17:56:48.750769-05
12	auth	0007_alter_validators_add_error_messages	2025-10-30 17:56:48.754153-05
13	auth	0008_alter_user_username_max_length	2025-10-30 17:56:48.762823-05
14	auth	0009_alter_user_last_name_max_length	2025-10-30 17:56:48.76721-05
15	auth	0010_alter_group_name_max_length	2025-10-30 17:56:48.77582-05
16	auth	0011_update_proxy_permissions	2025-10-30 17:56:48.779315-05
17	auth	0012_alter_user_first_name_max_length	2025-10-30 17:56:48.783089-05
18	library_app	0001_initial	2025-10-30 17:56:48.806676-05
19	sessions	0001_initial	2025-10-30 17:56:48.812457-05
\.


--
-- Data for Name: django_session; Type: TABLE DATA; Schema: public; Owner: postgres
--

COPY public.django_session (session_key, session_data, expire_date) FROM stdin;
\.


--
-- Data for Name: library_app_book; Type: TABLE DATA; Schema: public; Owner: postgres
--

COPY public.library_app_book (id, title, author, isbn, published_year, stock, created_at, updated_at, library_id) FROM stdin;
2	El amor en los tiempos del c├│lera	Gabriel Garc├¡a M├írquez	9780307389732	1985	3	2025-10-30 18:04:59.944597-05	2025-10-30 18:04:59.944615-05	1
4	Don Quijote de la Mancha	Miguel de Cervantes	9788424118242	1605	2	2025-10-30 18:05:22.329515-05	2025-10-30 18:05:22.329535-05	2
6	Pedro P├íramo	Juan Rulfo	9786071614787	1955	5	2025-10-30 18:05:42.326957-05	2025-10-30 18:05:42.326973-05	3
8	Fahrenheit 451	Ray Bradbury	9781451673319	1953	4	2025-10-30 18:05:54.668916-05	2025-10-30 18:05:54.668934-05	4
9	El Principito	Antoine de Saint-Exup├®ry	9780156012195	1943	10	2025-10-30 18:06:10.842859-05	2025-10-30 18:06:10.842873-05	5
10	Los miserables	Victor Hugo	9782070409181	1862	2	2025-10-30 18:06:16.49662-05	2025-10-30 18:06:16.496636-05	5
3	La sombra del viento	Carlos Ruiz Zaf├│n	9788408172177	2001	3	2025-10-30 18:05:12.876079-05	2025-10-30 18:10:01.734545-05	2
5	Rayuela	Julio Cort├ízar	9788420471839	1963	5	2025-10-30 18:05:32.92384-05	2025-10-30 18:10:12.724994-05	3
7	1984	George Orwell	9780451524935	1949	6	2025-10-30 18:05:47.95145-05	2025-10-30 18:10:22.165713-05	4
1	Cien a├▒os de soledad	Gabriel Garc├¡a M├írquez	9780307474728	1967	5	2025-10-30 18:04:51.988782-05	2025-10-30 18:14:36.899451-05	1
\.


--
-- Data for Name: library_app_library; Type: TABLE DATA; Schema: public; Owner: postgres
--

COPY public.library_app_library (id, name, address, phone, email, created_at, updated_at) FROM stdin;
1	Biblioteca Central	Calle 45 #12-34, Bogot├í	6011234567	central@biblioteca.com	2025-10-30 18:02:31.454666-05	2025-10-30 18:02:31.455016-05
2	Biblioteca del Norte	Av. 10 #25-60, Medell├¡n	6049876543	norte@biblioteca.com	2025-10-30 18:02:42.806008-05	2025-10-30 18:02:42.806017-05
3	Biblioteca del Sur	Cra. 30 #50-22, Cali	6025566778	sur@biblioteca.com	2025-10-30 18:02:54.584983-05	2025-10-30 18:02:54.585003-05
4	Biblioteca del Caribe	Calle 12 #8-90, Cartagena	6053322110	caribe@biblioteca.com	2025-10-30 18:03:03.354111-05	2025-10-30 18:03:03.354131-05
5	Biblioteca de los Andes	Cra. 15 #105-30, Tunja	6082244668	andes@biblioteca.com	2025-10-30 18:03:15.442814-05	2025-10-30 18:03:15.442832-05
\.


--
-- Data for Name: library_app_loan; Type: TABLE DATA; Schema: public; Owner: postgres
--

COPY public.library_app_loan (id, loan_date, return_date, returned, created_at, updated_at, book_id, member_id) FROM stdin;
2	2025-10-30 18:10:01.731586-05	\N	f	2025-10-30 18:10:01.73162-05	2025-10-30 18:10:01.731629-05	3	2
3	2025-10-30 18:10:12.722047-05	\N	f	2025-10-30 18:10:12.722079-05	2025-10-30 18:10:12.722088-05	5	3
4	2025-10-30 18:10:22.163945-05	\N	f	2025-10-30 18:10:22.163981-05	2025-10-30 18:10:22.163991-05	7	4
1	2025-10-30 18:09:51.038432-05	2025-10-30 18:14:36.897513-05	t	2025-10-30 18:09:51.038468-05	2025-10-30 18:14:36.90211-05	1	1
\.


--
-- Data for Name: library_app_member; Type: TABLE DATA; Schema: public; Owner: postgres
--

COPY public.library_app_member (id, name, last_name, email, phone, address, membership_date, is_active, max_loans, created_at, updated_at, library_id) FROM stdin;
1	Jesus	Rincon	jesusrincon0927@gmail.com	3043704478	Calle 10 #5-30, Floridablanca	2025-10-30	t	3	2025-10-30 18:07:52.15501-05	2025-10-30 18:07:52.155026-05	1
2	Juan	P├®rez	juan.perez@gmail.com	3001234567	Calle 10 #5-30, Bogot├í	2025-10-30	t	3	2025-10-30 18:08:10.013971-05	2025-10-30 18:08:10.013988-05	1
3	Mar├¡a	L├│pez	maria.lopez@gmail.com	3019876543	Carrera 15 #20-45, Medell├¡n	2025-10-30	t	4	2025-10-30 18:08:27.488493-05	2025-10-30 18:08:27.488509-05	2
4	Carlos	Ram├¡rez	carlos.ramirez@gmail.com	3027654321	Av. Roosevelt #44-12, Cali	2025-10-30	t	2	2025-10-30 18:08:46.543259-05	2025-10-30 18:08:46.543275-05	3
5	Laura	G├│mez	laura.gomez@gmail.com	3035566778	Calle del Arsenal #12-40, Cartagena	2025-10-30	t	5	2025-10-30 18:08:57.05805-05	2025-10-30 18:08:57.058065-05	4
6	Andr├®s	Torres	andres.torres@hotmail.com	3049988776	Cra. 8 #90-12, Tunja	2025-10-30	t	3	2025-10-30 18:09:12.231715-05	2025-10-30 18:09:12.23173-05	5
\.


--
-- Name: auth_group_id_seq; Type: SEQUENCE SET; Schema: public; Owner: postgres
--

SELECT pg_catalog.setval('public.auth_group_id_seq', 1, false);


--
-- Name: auth_group_permissions_id_seq; Type: SEQUENCE SET; Schema: public; Owner: postgres
--

SELECT pg_catalog.setval('public.auth_group_permissions_id_seq', 1, false);


--
-- Name: auth_permission_id_seq; Type: SEQUENCE SET; Schema: public; Owner: postgres
--

SELECT pg_catalog.setval('public.auth_permission_id_seq', 40, true);


--
-- Name: auth_user_groups_id_seq; Type: SEQUENCE SET; Schema: public; Owner: postgres
--

SELECT pg_catalog.setval('public.auth_user_groups_id_seq', 1, false);


--
-- Name: auth_user_id_seq; Type: SEQUENCE SET; Schema: public; Owner: postgres
--

SELECT pg_catalog.setval('public.auth_user_id_seq', 1, true);


--
-- Name: auth_user_user_permissions_id_seq; Type: SEQUENCE SET; Schema: public; Owner: postgres
--

SELECT pg_catalog.setval('public.auth_user_user_permissions_id_seq', 1, false);


--
-- Name: django_admin_log_id_seq; Type: SEQUENCE SET; Schema: public; Owner: postgres
--

SELECT pg_catalog.setval('public.django_admin_log_id_seq', 1, false);


--
-- Name: django_content_type_id_seq; Type: SEQUENCE SET; Schema: public; Owner: postgres
--

SELECT pg_catalog.setval('public.django_content_type_id_seq', 10, true);


--
-- Name: django_migrations_id_seq; Type: SEQUENCE SET; Schema: public; Owner: postgres
--

SELECT pg_catalog.setval('public.django_migrations_id_seq', 19, true);


--
-- Name: library_app_book_id_seq; Type: SEQUENCE SET; Schema: public; Owner: postgres
--

SELECT pg_catalog.setval('public.library_app_book_id_seq', 10, true);


--
-- Name: library_app_library_id_seq; Type: SEQUENCE SET; Schema: public; Owner: postgres
--

SELECT pg_catalog.setval('public.library_app_library_id_seq', 6, true);


--
-- Name: library_app_loan_id_seq; Type: SEQUENCE SET; Schema: public; Owner: postgres
--

SELECT pg_catalog.setval('public.library_app_loan_id_seq', 4, true);


--
-- Name: library_app_member_id_seq; Type: SEQUENCE SET; Schema: public; Owner: postgres
--

SELECT pg_catalog.setval('public.library_app_member_id_seq', 7, true);


--
-- Name: auth_group auth_group_name_key; Type: CONSTRAINT; Schema: public; Owner: postgres
--

ALTER TABLE ONLY public.auth_group
    ADD CONSTRAINT auth_group_name_key UNIQUE (name);


--
-- Name: auth_group_permissions auth_group_permissions_group_id_permission_id_0cd325b0_uniq; Type: CONSTRAINT; Schema: public; Owner: postgres
--

ALTER TABLE ONLY public.auth_group_permissions
    ADD CONSTRAINT auth_group_permissions_group_id_permission_id_0cd325b0_uniq UNIQUE (group_id, permission_id);


--
-- Name: auth_group_permissions auth_group_permissions_pkey; Type: CONSTRAINT; Schema: public; Owner: postgres
--

ALTER TABLE ONLY public.auth_group_permissions
    ADD CONSTRAINT auth_group_permissions_pkey PRIMARY KEY (id);


--
-- Name: auth_group auth_group_pkey; Type: CONSTRAINT; Schema: public; Owner: postgres
--

ALTER TABLE ONLY public.auth_group
    ADD CONSTRAINT auth_group_pkey PRIMARY KEY (id);


--
-- Name: auth_permission auth_permission_content_type_id_codename_01ab375a_uniq; Type: CONSTRAINT; Schema: public; Owner: postgres
--

ALTER TABLE ONLY public.auth_permission
    ADD CONSTRAINT auth_permission_content_type_id_codename_01ab375a_uniq UNIQUE (content_type_id, codename);


--
-- Name: auth_permission auth_permission_pkey; Type: CONSTRAINT; Schema: public; Owner: postgres
--

ALTER TABLE ONLY public.auth_permission
    ADD CONSTRAINT auth_permission_pkey PRIMARY KEY (id);


--
-- Name: auth_user_groups auth_user_groups_pkey; Type: CONSTRAINT; Schema: public; Owner: postgres
--

ALTER TABLE ONLY public.auth_user_groups
    ADD CONSTRAINT auth_user_groups_pkey PRIMARY KEY (id);


--
-- Name: auth_user_groups auth_user_groups_user_id_group_id_94350c0c_uniq; Type: CONSTRAINT; Schema: public; Owner: postgres
--

ALTER TABLE ONLY public.auth_user_groups
    ADD CONSTRAINT auth_user_groups_user_id_group_id_94350c0c_uniq UNIQUE (user_id, group_id);


--
-- Name: auth_user auth_user_pkey; Type: CONSTRAINT; Schema: public; Owner: postgres
--

ALTER TABLE ONLY public.auth_user
    ADD CONSTRAINT auth_user_pkey PRIMARY KEY (id);


--
-- Name: auth_user_user_permissions auth_user_user_permissions_pkey; Type: CONSTRAINT; Schema: public; Owner: postgres
--

ALTER TABLE ONLY public.auth_user_user_permissions
    ADD CONSTRAINT auth_user_user_permissions_pkey PRIMARY KEY (id);


--
-- Name: auth_user_user_permissions auth_user_user_permissions_user_id_permission_id_14a6b632_uniq; Type: CONSTRAINT; Schema: public; Owner: postgres
--

ALTER TABLE ONLY public.auth_user_user_permissions
    ADD CONSTRAINT auth_user_user_permissions_user_id_permission_id_14a6b632_uniq UNIQUE (user_id, permission_id);


--
-- Name: auth_user auth_user_username_key; Type: CONSTRAINT; Schema: public; Owner: postgres
--

ALTER TABLE ONLY public.auth_user
    ADD CONSTRAINT auth_user_username_key UNIQUE (username);


--
-- Name: django_admin_log django_admin_log_pkey; Type: CONSTRAINT; Schema: public; Owner: postgres
--

ALTER TABLE ONLY public.django_admin_log
    ADD CONSTRAINT django_admin_log_pkey PRIMARY KEY (id);


--
-- Name: django_content_type django_content_type_app_label_model_76bd3d3b_uniq; Type: CONSTRAINT; Schema: public; Owner: postgres
--

ALTER TABLE ONLY public.django_content_type
    ADD CONSTRAINT django_content_type_app_label_model_76bd3d3b_uniq UNIQUE (app_label, model);


--
-- Name: django_content_type django_content_type_pkey; Type: CONSTRAINT; Schema: public; Owner: postgres
--

ALTER TABLE ONLY public.django_content_type
    ADD CONSTRAINT django_content_type_pkey PRIMARY KEY (id);


--
-- Name: django_migrations django_migrations_pkey; Type: CONSTRAINT; Schema: public; Owner: postgres
--

ALTER TABLE ONLY public.django_migrations
    ADD CONSTRAINT django_migrations_pkey PRIMARY KEY (id);


--
-- Name: django_session django_session_pkey; Type: CONSTRAINT; Schema: public; Owner: postgres
--

ALTER TABLE ONLY public.django_session
    ADD CONSTRAINT django_session_pkey PRIMARY KEY (session_key);


--
-- Name: library_app_book library_app_book_isbn_key; Type: CONSTRAINT; Schema: public; Owner: postgres
--

ALTER TABLE ONLY public.library_app_book
    ADD CONSTRAINT library_app_book_isbn_key UNIQUE (isbn);


--
-- Name: library_app_book library_app_book_pkey; Type: CONSTRAINT; Schema: public; Owner: postgres
--

ALTER TABLE ONLY public.library_app_book
    ADD CONSTRAINT library_app_book_pkey PRIMARY KEY (id);


--
-- Name: library_app_library library_app_library_pkey; Type: CONSTRAINT; Schema: public; Owner: postgres
--

ALTER TABLE ONLY public.library_app_library
    ADD CONSTRAINT library_app_library_pkey PRIMARY KEY (id);


--
-- Name: library_app_loan library_app_loan_pkey; Type: CONSTRAINT; Schema: public; Owner: postgres
--

ALTER TABLE ONLY public.library_app_loan
    ADD CONSTRAINT library_app_loan_pkey PRIMARY KEY (id);


--
-- Name: library_app_member library_app_member_email_key; Type: CONSTRAINT; Schema: public; Owner: postgres
--

ALTER TABLE ONLY public.library_app_member
    ADD CONSTRAINT library_app_member_email_key UNIQUE (email);


--
-- Name: library_app_member library_app_member_pkey; Type: CONSTRAINT; Schema: public; Owner: postgres
--

ALTER TABLE ONLY public.library_app_member
    ADD CONSTRAINT library_app_member_pkey PRIMARY KEY (id);


--
-- Name: auth_group_name_a6ea08ec_like; Type: INDEX; Schema: public; Owner: postgres
--

CREATE INDEX auth_group_name_a6ea08ec_like ON public.auth_group USING btree (name varchar_pattern_ops);


--
-- Name: auth_group_permissions_group_id_b120cbf9; Type: INDEX; Schema: public; Owner: postgres
--

CREATE INDEX auth_group_permissions_group_id_b120cbf9 ON public.auth_group_permissions USING btree (group_id);


--
-- Name: auth_group_permissions_permission_id_84c5c92e; Type: INDEX; Schema: public; Owner: postgres
--

CREATE INDEX auth_group_permissions_permission_id_84c5c92e ON public.auth_group_permissions USING btree (permission_id);


--
-- Name: auth_permission_content_type_id_2f476e4b; Type: INDEX; Schema: public; Owner: postgres
--

CREATE INDEX auth_permission_content_type_id_2f476e4b ON public.auth_permission USING btree (content_type_id);


--
-- Name: auth_user_groups_group_id_97559544; Type: INDEX; Schema: public; Owner: postgres
--

CREATE INDEX auth_user_groups_group_id_97559544 ON public.auth_user_groups USING btree (group_id);


--
-- Name: auth_user_groups_user_id_6a12ed8b; Type: INDEX; Schema: public; Owner: postgres
--

CREATE INDEX auth_user_groups_user_id_6a12ed8b ON public.auth_user_groups USING btree (user_id);


--
-- Name: auth_user_user_permissions_permission_id_1fbb5f2c; Type: INDEX; Schema: public; Owner: postgres
--

CREATE INDEX auth_user_user_permissions_permission_id_1fbb5f2c ON public.auth_user_user_permissions USING btree (permission_id);


--
-- Name: auth_user_user_permissions_user_id_a95ead1b; Type: INDEX; Schema: public; Owner: postgres
--

CREATE INDEX auth_user_user_permissions_user_id_a95ead1b ON public.auth_user_user_permissions USING btree (user_id);


--
-- Name: auth_user_username_6821ab7c_like; Type: INDEX; Schema: public; Owner: postgres
--

CREATE INDEX auth_user_username_6821ab7c_like ON public.auth_user USING btree (username varchar_pattern_ops);


--
-- Name: django_admin_log_content_type_id_c4bce8eb; Type: INDEX; Schema: public; Owner: postgres
--

CREATE INDEX django_admin_log_content_type_id_c4bce8eb ON public.django_admin_log USING btree (content_type_id);


--
-- Name: django_admin_log_user_id_c564eba6; Type: INDEX; Schema: public; Owner: postgres
--

CREATE INDEX django_admin_log_user_id_c564eba6 ON public.django_admin_log USING btree (user_id);


--
-- Name: django_session_expire_date_a5c62663; Type: INDEX; Schema: public; Owner: postgres
--

CREATE INDEX django_session_expire_date_a5c62663 ON public.django_session USING btree (expire_date);


--
-- Name: django_session_session_key_c0390e0f_like; Type: INDEX; Schema: public; Owner: postgres
--

CREATE INDEX django_session_session_key_c0390e0f_like ON public.django_session USING btree (session_key varchar_pattern_ops);


--
-- Name: library_app_book_isbn_413c3374_like; Type: INDEX; Schema: public; Owner: postgres
--

CREATE INDEX library_app_book_isbn_413c3374_like ON public.library_app_book USING btree (isbn varchar_pattern_ops);


--
-- Name: library_app_book_library_id_937fc38d; Type: INDEX; Schema: public; Owner: postgres
--

CREATE INDEX library_app_book_library_id_937fc38d ON public.library_app_book USING btree (library_id);


--
-- Name: library_app_loan_book_id_c1c7caae; Type: INDEX; Schema: public; Owner: postgres
--

CREATE INDEX library_app_loan_book_id_c1c7caae ON public.library_app_loan USING btree (book_id);


--
-- Name: library_app_loan_member_id_d718cd4d; Type: INDEX; Schema: public; Owner: postgres
--

CREATE INDEX library_app_loan_member_id_d718cd4d ON public.library_app_loan USING btree (member_id);


--
-- Name: library_app_member_email_a9a2afdd_like; Type: INDEX; Schema: public; Owner: postgres
--

CREATE INDEX library_app_member_email_a9a2afdd_like ON public.library_app_member USING btree (email varchar_pattern_ops);


--
-- Name: library_app_member_library_id_34070032; Type: INDEX; Schema: public; Owner: postgres
--

CREATE INDEX library_app_member_library_id_34070032 ON public.library_app_member USING btree (library_id);


--
-- Name: auth_group_permissions auth_group_permissio_permission_id_84c5c92e_fk_auth_perm; Type: FK CONSTRAINT; Schema: public; Owner: postgres
--

ALTER TABLE ONLY public.auth_group_permissions
    ADD CONSTRAINT auth_group_permissio_permission_id_84c5c92e_fk_auth_perm FOREIGN KEY (permission_id) REFERENCES public.auth_permission(id) DEFERRABLE INITIALLY DEFERRED;


--
-- Name: auth_group_permissions auth_group_permissions_group_id_b120cbf9_fk_auth_group_id; Type: FK CONSTRAINT; Schema: public; Owner: postgres
--

ALTER TABLE ONLY public.auth_group_permissions
    ADD CONSTRAINT auth_group_permissions_group_id_b120cbf9_fk_auth_group_id FOREIGN KEY (group_id) REFERENCES public.auth_group(id) DEFERRABLE INITIALLY DEFERRED;


--
-- Name: auth_permission auth_permission_content_type_id_2f476e4b_fk_django_co; Type: FK CONSTRAINT; Schema: public; Owner: postgres
--

ALTER TABLE ONLY public.auth_permission
    ADD CONSTRAINT auth_permission_content_type_id_2f476e4b_fk_django_co FOREIGN KEY (content_type_id) REFERENCES public.django_content_type(id) DEFERRABLE INITIALLY DEFERRED;


--
-- Name: auth_user_groups auth_user_groups_group_id_97559544_fk_auth_group_id; Type: FK CONSTRAINT; Schema: public; Owner: postgres
--

ALTER TABLE ONLY public.auth_user_groups
    ADD CONSTRAINT auth_user_groups_group_id_97559544_fk_auth_group_id FOREIGN KEY (group_id) REFERENCES public.auth_group(id) DEFERRABLE INITIALLY DEFERRED;


--
-- Name: auth_user_groups auth_user_groups_user_id_6a12ed8b_fk_auth_user_id; Type: FK CONSTRAINT; Schema: public; Owner: postgres
--

ALTER TABLE ONLY public.auth_user_groups
    ADD CONSTRAINT auth_user_groups_user_id_6a12ed8b_fk_auth_user_id FOREIGN KEY (user_id) REFERENCES public.auth_user(id) DEFERRABLE INITIALLY DEFERRED;


--
-- Name: auth_user_user_permissions auth_user_user_permi_permission_id_1fbb5f2c_fk_auth_perm; Type: FK CONSTRAINT; Schema: public; Owner: postgres
--

ALTER TABLE ONLY public.auth_user_user_permissions
    ADD CONSTRAINT auth_user_user_permi_permission_id_1fbb5f2c_fk_auth_perm FOREIGN KEY (permission_id) REFERENCES public.auth_permission(id) DEFERRABLE INITIALLY DEFERRED;


--
-- Name: auth_user_user_permissions auth_user_user_permissions_user_id_a95ead1b_fk_auth_user_id; Type: FK CONSTRAINT; Schema: public; Owner: postgres
--

ALTER TABLE ONLY public.auth_user_user_permissions
    ADD CONSTRAINT auth_user_user_permissions_user_id_a95ead1b_fk_auth_user_id FOREIGN KEY (user_id) REFERENCES public.auth_user(id) DEFERRABLE INITIALLY DEFERRED;


--
-- Name: django_admin_log django_admin_log_content_type_id_c4bce8eb_fk_django_co; Type: FK CONSTRAINT; Schema: public; Owner: postgres
--

ALTER TABLE ONLY public.django_admin_log
    ADD CONSTRAINT django_admin_log_content_type_id_c4bce8eb_fk_django_co FOREIGN KEY (content_type_id) REFERENCES public.django_content_type(id) DEFERRABLE INITIALLY DEFERRED;


--
-- Name: django_admin_log django_admin_log_user_id_c564eba6_fk_auth_user_id; Type: FK CONSTRAINT; Schema: public; Owner: postgres
--

ALTER TABLE ONLY public.django_admin_log
    ADD CONSTRAINT django_admin_log_user_id_c564eba6_fk_auth_user_id FOREIGN KEY (user_id) REFERENCES public.auth_user(id) DEFERRABLE INITIALLY DEFERRED;


--
-- Name: library_app_book library_app_book_library_id_937fc38d_fk_library_app_library_id; Type: FK CONSTRAINT; Schema: public; Owner: postgres
--

ALTER TABLE ONLY public.library_app_book
    ADD CONSTRAINT library_app_book_library_id_937fc38d_fk_library_app_library_id FOREIGN KEY (library_id) REFERENCES public.library_app_library(id) DEFERRABLE INITIALLY DEFERRED;


--
-- Name: library_app_loan library_app_loan_book_id_c1c7caae_fk_library_app_book_id; Type: FK CONSTRAINT; Schema: public; Owner: postgres
--

ALTER TABLE ONLY public.library_app_loan
    ADD CONSTRAINT library_app_loan_book_id_c1c7caae_fk_library_app_book_id FOREIGN KEY (book_id) REFERENCES public.library_app_book(id) DEFERRABLE INITIALLY DEFERRED;


--
-- Name: library_app_loan library_app_loan_member_id_d718cd4d_fk_library_app_member_id; Type: FK CONSTRAINT; Schema: public; Owner: postgres
--

ALTER TABLE ONLY public.library_app_loan
    ADD CONSTRAINT library_app_loan_member_id_d718cd4d_fk_library_app_member_id FOREIGN KEY (member_id) REFERENCES public.library_app_member(id) DEFERRABLE INITIALLY DEFERRED;


--
-- Name: library_app_member library_app_member_library_id_34070032_fk_library_a; Type: FK CONSTRAINT; Schema: public; Owner: postgres
--

ALTER TABLE ONLY public.library_app_member
    ADD CONSTRAINT library_app_member_library_id_34070032_fk_library_a FOREIGN KEY (library_id) REFERENCES public.library_app_library(id) DEFERRABLE INITIALLY DEFERRED;


--
-- PostgreSQL database dump complete
--

